"loan_id","rating","segment","facility","committed","ead","pd","lgd","expected_loss"
"L0001","AA","CRE_secured","revolver",5050000,4070492,2e-04,0.291,237
"L0002","AA","CRE_secured","term",4556000,4556000,2e-04,0.392,357
"L0003","BBB","Corporate_unsecured","revolver",1996000,1666449,0.0018,0.589,1767
"L0004","B","Manufacturing","revolver",2260000,1901066,0.038,0.458,33112
"L0005","A","CRE_secured","revolver",1046000,937336,6e-04,0.274,154
"L0006","BB","Software","revolver",1673000,1427248,0.0075,0.854,9141
"L0007","A","Corporate_unsecured","revolver",792000,660410,6e-04,0.659,261
"L0008","BBB","CRE_secured","revolver",838000,723257,0.0018,0.366,477
"L0009","A","Software","term",667000,667000,6e-04,0.782,313
"L0010","A","CRE_secured","term",4245000,4245000,6e-04,0.281,715
"L0011","BB","CRE_secured","term",5455000,5455000,0.0075,0.345,14114
"L0012","A","Manufacturing","term",1379000,1379000,6e-04,0.502,416
"L0013","AA","CRE_secured","term",724000,724000,2e-04,0.371,54
"L0014","BBB","CRE_secured","revolver",1848000,1548545,0.0018,0.374,1043
"L0015","BB","Corporate_unsecured","term",15042000,15042000,0.0075,0.524,59083
"L0016","AA","CRE_secured","revolver",12558000,10480570,2e-04,0.292,612
"L0017","CCC","CRE_secured","term",425000,425000,0.25,0.377,40059
"L0018","BBB","CRE_secured","revolver",1451000,1248802,0.0018,0.266,599
"L0019","BB","Corporate_unsecured","revolver",7949000,6899769,0.0075,0.503,26055
"L0020","A","Corporate_unsecured","revolver",1932000,1585581,6e-04,0.583,554
"L0021","AA","Manufacturing","term",8422000,8422000,2e-04,0.468,789
"L0022","BBB","Software","term",1481000,1481000,0.0018,0.827,2206
"L0023","AAA","Manufacturing","term",3447000,3447000,1e-04,0.537,185
"L0024","AA","CRE_secured","term",2447000,2447000,2e-04,0.289,141
"L0025","BBB","Manufacturing","revolver",36573000,32680432,0.0018,0.492,28950
"L0026","BB","Manufacturing","revolver",4579000,3940805,0.0075,0.384,11339
"L0027","BB","CRE_secured","term",675000,675000,0.0075,0.373,1888
"L0028","AA","Software","term",1161000,1161000,2e-04,0.863,200
"L0029","BB","Corporate_unsecured","revolver",2791000,2275018,0.0075,0.558,9521
"L0030","B","CRE_secured","revolver",361000,305312,0.038,0.277,3213
"L0031","A","Software","term",394000,394000,6e-04,0.843,199
"L0032","B","CRE_secured","term",729000,729000,0.038,0.342,9470
"L0033","BB","Manufacturing","term",1462000,1462000,0.0075,0.523,5736
"L0034","A","Manufacturing","term",6099000,6099000,6e-04,0.478,1749
"L0035","BBB","Corporate_unsecured","term",1563000,1563000,0.0018,0.518,1458
"L0036","B","CRE_secured","term",2315000,2315000,0.038,0.38,33438
"L0037","BBB","CRE_secured","term",1887000,1887000,0.0018,0.376,1278
"L0038","BBB","Corporate_unsecured","term",1060000,1060000,0.0018,0.599,1143
"L0039","AA","Corporate_unsecured","term",6815000,6815000,2e-04,0.516,703
"L0040","A","CRE_secured","term",745000,745000,6e-04,0.253,113
"L0041","BB","Manufacturing","revolver",1628000,1396037,0.0075,0.412,4312
"L0042","BB","Software","term",1462000,1462000,0.0075,0.86,9427
"L0043","BBB","Corporate_unsecured","term",3229000,3229000,0.0018,0.699,4063
"L0044","CCC","CRE_secured","revolver",8497000,7332850,0.25,0.318,583444
"L0045","BB","Corporate_unsecured","revolver",3176000,2627633,0.0075,0.639,12594
"L0046","CCC","Manufacturing","revolver",6940000,5625534,0.25,0.539,757944
"L0047","AA","Manufacturing","revolver",3975000,3218750,2e-04,0.443,285
"L0048","A","CRE_secured","term",1140000,1140000,6e-04,0.356,244
"L0049","CCC","CRE_secured","term",2152000,2152000,0.25,0.375,201977
"L0050","A","CRE_secured","term",6901000,6901000,6e-04,0.257,1065
"L0051","BBB","Software","revolver",491000,421499,0.0018,0.811,615
"L0052","BBB","CRE_secured","revolver",2679000,2320692,0.0018,0.331,1383
"L0053","BB","Manufacturing","term",1737000,1737000,0.0075,0.497,6469
"L0054","B","CRE_secured","revolver",4407000,3634534,0.038,0.272,37550
"L0055","BBB","CRE_secured","revolver",3929000,3502262,0.0018,0.305,1921
"L0056","A","CRE_secured","revolver",2622000,2247657,6e-04,0.253,341
"L0057","A","Software","term",7665000,7665000,6e-04,0.751,3456
"L0058","BBB","CRE_secured","revolver",507000,432728,0.0018,0.369,288
"L0059","BBB","Software","term",4539000,4539000,0.0018,0.852,6963
"L0060","BB","Manufacturing","term",483000,483000,0.0075,0.355,1287
"L0061","A","Manufacturing","revolver",3394000,2890448,6e-04,0.411,713
"L0062","AAA","CRE_secured","term",2168000,2168000,1e-04,0.392,85
"L0063","B","CRE_secured","term",4776000,4776000,0.038,0.292,53079
"L0064","A","CRE_secured","term",2147000,2147000,6e-04,0.304,391
"L0065","B","CRE_secured","revolver",487000,419500,0.038,0.325,5184
"L0066","BBB","CRE_secured","revolver",328000,283780,0.0018,0.29,148
"L0067","BBB","Manufacturing","term",3254000,3254000,0.0018,0.532,3116
"L0068","B","CRE_secured","term",1872000,1872000,0.038,0.277,19711
"L0069","A","Corporate_unsecured","term",1196000,1196000,6e-04,0.623,447
"L0070","BBB","Manufacturing","revolver",1512000,1268159,0.0018,0.36,821
"L0071","BBB","Manufacturing","term",1093000,1093000,0.0018,0.51,1003
"L0072","BBB","CRE_secured","revolver",1736000,1442610,0.0018,0.349,907
"L0073","BBB","Software","revolver",865000,776536,0.0018,0.86,1202
"L0074","BB","CRE_secured","term",336000,336000,0.0075,0.257,646
"L0075","BBB","CRE_secured","term",1641000,1641000,0.0018,0.331,978
"L0076","A","Manufacturing","term",5124000,5124000,6e-04,0.475,1461
"L0077","BBB","CRE_secured","term",10835000,10835000,0.0018,0.362,7067
"L0078","BB","CRE_secured","revolver",2005000,1633170,0.0075,0.272,3337
"L0079","BB","Manufacturing","term",1860000,1860000,0.0075,0.439,6124
"L0080","BBB","Corporate_unsecured","term",4758000,4758000,0.0018,0.64,5480
"L0081","A","CRE_secured","term",2099000,2099000,6e-04,0.266,335
"L0082","BBB","Software","term",1352000,1352000,0.0018,0.866,2107
"L0083","BB","Manufacturing","term",419000,419000,0.0075,0.477,1500
"L0084","A","Manufacturing","revolver",641000,552969,6e-04,0.468,155
"L0085","B","CRE_secured","term",2883000,2883000,0.038,0.252,27575
"L0086","A","Corporate_unsecured","term",538000,538000,6e-04,0.504,163
"L0087","BBB","Software","term",5138000,5138000,0.0018,0.774,7161
"L0088","BBB","Software","term",595000,595000,0.0018,0.76,814
"L0089","BBB","Corporate_unsecured","revolver",1680000,1420470,0.0018,0.595,1522
"L0090","BBB","Manufacturing","term",1996000,1996000,0.0018,0.547,1964
"L0091","A","CRE_secured","revolver",1977000,1728880,6e-04,0.315,327
"L0092","BBB","Manufacturing","revolver",2293000,2008233,0.0018,0.54,1951
"L0093","BBB","Corporate_unsecured","term",3427000,3427000,0.0018,0.567,3500
"L0094","AA","Software","term",1785000,1785000,2e-04,0.824,294
"L0095","AA","Manufacturing","term",1599000,1599000,2e-04,0.518,166
"L0096","A","Corporate_unsecured","revolver",2310000,1926483,6e-04,0.665,769
"L0097","BBB","Corporate_unsecured","term",1354000,1354000,0.0018,0.528,1288
"L0098","BB","CRE_secured","term",7979000,7979000,0.0075,0.267,15997
"L0099","A","CRE_secured","revolver",284000,248661,6e-04,0.251,37
"L0100","A","Corporate_unsecured","term",5040000,5040000,6e-04,0.648,1960
"L0101","A","Corporate_unsecured","term",1599000,1599000,6e-04,0.656,630
"L0102","BBB","CRE_secured","term",2925000,2925000,0.0018,0.282,1485
"L0103","BBB","Manufacturing","revolver",4865000,4016128,0.0018,0.454,3279
"L0104","BB","CRE_secured","revolver",4243000,3397893,0.0075,0.279,7104
"L0105","AA","Corporate_unsecured","term",1104000,1104000,2e-04,0.591,131
"L0106","CCC","Corporate_unsecured","term",8173000,8173000,0.25,0.605,1236813
"L0107","A","Manufacturing","revolver",464000,403427,6e-04,0.42,102
"L0108","A","CRE_secured","revolver",4352000,3620457,6e-04,0.361,785
"L0109","BB","Corporate_unsecured","revolver",1262000,1065879,0.0075,0.509,4070
"L0110","BBB","Corporate_unsecured","term",356000,356000,0.0018,0.557,357
"L0111","A","Corporate_unsecured","revolver",373000,315434,6e-04,0.534,101
"L0112","B","Corporate_unsecured","revolver",2494000,2079786,0.038,0.555,43864
"L0113","B","Manufacturing","revolver",14796000,12983261,0.038,0.489,241163
"L0114","BB","Corporate_unsecured","revolver",2558000,2296048,0.0075,0.67,11530
"L0115","BB","Manufacturing","revolver",5534000,4654898,0.0075,0.452,15763
"L0116","BB","Software","revolver",4254000,3691337,0.0075,0.893,24724
"L0117","BBB","CRE_secured","term",1110000,1110000,0.0018,0.262,523
"L0118","BB","CRE_secured","term",4720000,4720000,0.0075,0.328,11625
"L0119","A","Corporate_unsecured","revolver",2748000,2212109,6e-04,0.645,856
"L0120","B","CRE_secured","term",2409000,2409000,0.038,0.265,24263
"L0121","BB","Corporate_unsecured","term",4924000,4924000,0.0075,0.657,24257
"L0122","BB","Corporate_unsecured","term",3919000,3919000,0.0075,0.59,17341
"L0123","A","CRE_secured","term",1138000,1138000,6e-04,0.317,216
"L0124","A","Manufacturing","revolver",2854000,2346467,6e-04,0.496,698
"L0125","A","CRE_secured","term",896000,896000,6e-04,0.324,174
"L0126","BB","Manufacturing","revolver",3529000,2947405,0.0075,0.371,8211
"L0127","AA","CRE_secured","term",1355000,1355000,2e-04,0.388,105
"L0128","CCC","Corporate_unsecured","term",3004000,3004000,0.25,0.548,411578
"L0129","BBB","Manufacturing","term",2785000,2785000,0.0018,0.481,2410
"L0130","A","Corporate_unsecured","term",1568000,1568000,6e-04,0.677,637
"L0131","AA","CRE_secured","term",3041000,3041000,2e-04,0.383,233
"L0132","A","CRE_secured","term",3354000,3354000,6e-04,0.396,798
"L0133","A","CRE_secured","term",1625000,1625000,6e-04,0.322,314
"L0134","AA","CRE_secured","revolver",5744000,5139339,2e-04,0.264,272
"L0135","B","Corporate_unsecured","term",7005000,7005000,0.038,0.686,182633
"L0136","A","Manufacturing","revolver",1102000,987274,6e-04,0.413,245
"L0137","B","CRE_secured","revolver",994000,883807,0.038,0.32,10763
"L0138","BBB","Corporate_unsecured","revolver",3175000,2854901,0.0018,0.611,3141
"L0139","B","Software","term",879000,879000,0.038,0.873,29163
"L0140","A","Manufacturing","term",1335000,1335000,6e-04,0.477,382
"L0141","BBB","CRE_secured","revolver",4120000,3464657,0.0018,0.305,1901
"L0142","BBB","CRE_secured","revolver",1194000,1000189,0.0018,0.322,580
"L0143","BB","Corporate_unsecured","revolver",353000,316165,0.0075,0.528,1252
"L0144","B","Manufacturing","term",3637000,3637000,0.038,0.398,54959
"L0145","A","Corporate_unsecured","term",473000,473000,6e-04,0.668,190
"L0146","B","Manufacturing","revolver",591000,480634,0.038,0.513,9360
"L0147","BBB","Corporate_unsecured","term",132000,132000,0.0018,0.698,166
"L0148","AA","Corporate_unsecured","revolver",4226000,3726813,2e-04,0.646,481
"L0149","BBB","Software","revolver",2507000,2100052,0.0018,0.806,3046
"L0150","BBB","Software","term",3032000,3032000,0.0018,0.827,4511
"L0151","A","CRE_secured","revolver",4278000,3616664,6e-04,0.389,845
"L0152","BBB","Software","revolver",1926000,1559263,0.0018,0.837,2349
"L0153","B","Software","term",739000,739000,0.038,0.811,22773
"L0154","BB","Manufacturing","term",3322000,3322000,0.0075,0.392,9776
"L0155","A","Corporate_unsecured","term",6464000,6464000,6e-04,0.664,2577
"L0156","B","Corporate_unsecured","revolver",518000,466155,0.038,0.598,10599
"L0157","BBB","CRE_secured","term",1158000,1158000,0.0018,0.274,572
"L0158","BBB","CRE_secured","term",1537000,1537000,0.0018,0.356,986
"L0159","BBB","Corporate_unsecured","term",627000,627000,0.0018,0.622,702
"L0160","A","CRE_secured","revolver",3735000,3349701,6e-04,0.267,536
"L0161","AA","Manufacturing","revolver",1166000,1040096,2e-04,0.395,82
"L0162","A","Software","revolver",6199000,5056541,6e-04,0.832,2524
"L0163","A","CRE_secured","term",2099000,2099000,6e-04,0.263,332
"L0164","BBB","Manufacturing","revolver",3851000,3401345,0.0018,0.376,2301
"L0165","BB","CRE_secured","term",8151000,8151000,0.0075,0.362,22103
"L0166","BBB","Manufacturing","term",2540000,2540000,0.0018,0.527,2408
"L0167","BB","Corporate_unsecured","term",5271000,5271000,0.0075,0.689,27248
"L0168","BBB","Corporate_unsecured","revolver",2418000,1948460,0.0018,0.551,1934
"L0169","BBB","Manufacturing","term",513000,513000,0.0018,0.393,363
"L0170","BBB","CRE_secured","term",2041000,2041000,0.0018,0.281,1033
"L0171","A","Corporate_unsecured","term",3817000,3817000,6e-04,0.538,1231
"L0172","BB","Manufacturing","term",3107000,3107000,0.0075,0.39,9080
"L0173","BB","CRE_secured","term",1710000,1710000,0.0075,0.271,3479
"L0174","BB","Corporate_unsecured","revolver",668000,542952,0.0075,0.639,2602
"L0175","BB","CRE_secured","term",3578000,3578000,0.0075,0.299,8011
"L0176","BBB","CRE_secured","term",877000,877000,0.0018,0.307,485
"L0177","B","CRE_secured","term",648000,648000,0.038,0.362,8916
"L0178","A","CRE_secured","term",3416000,3416000,6e-04,0.292,599
"L0179","B","CRE_secured","revolver",659000,545207,0.038,0.364,7547
"L0180","B","Corporate_unsecured","term",2492000,2492000,0.038,0.515,48731
"L0181","AA","Corporate_unsecured","term",2005000,2005000,2e-04,0.634,254
"L0182","B","Software","revolver",605000,536676,0.038,0.888,18107
"L0183","BBB","Manufacturing","term",5783000,5783000,0.0018,0.505,5259
"L0184","BBB","Software","revolver",1173000,1020428,0.0018,0.861,1582
"L0185","A","CRE_secured","term",5889000,5889000,6e-04,0.298,1053
"L0186","A","Manufacturing","revolver",1304000,1142936,6e-04,0.477,327
"L0187","AA","CRE_secured","term",1192000,1192000,2e-04,0.315,75
"L0188","B","CRE_secured","term",1945000,1945000,0.038,0.3,22165
"L0189","BBB","Manufacturing","revolver",1449000,1275852,0.0018,0.5,1149
"L0190","BBB","Corporate_unsecured","revolver",1451000,1303415,0.0018,0.504,1183
"L0191","BBB","Manufacturing","revolver",908000,758476,0.0018,0.428,584
"L0192","B","CRE_secured","term",671000,671000,0.038,0.295,7533
"L0193","BBB","Software","revolver",3473000,2780352,0.0018,0.775,3880
"L0194","BBB","Manufacturing","revolver",968000,816959,0.0018,0.473,696
"L0195","BBB","CRE_secured","revolver",579000,474519,0.0018,0.263,224
"L0196","BBB","Manufacturing","term",1266000,1266000,0.0018,0.393,896
"L0197","BB","Corporate_unsecured","term",973000,973000,0.0075,0.699,5103
"L0198","BBB","Software","term",278000,278000,0.0018,0.769,385
"L0199","A","Software","revolver",1539000,1282732,6e-04,0.757,582
"L0200","A","Corporate_unsecured","term",2325000,2325000,6e-04,0.68,948
"L0201","AA","Manufacturing","term",2607000,2607000,2e-04,0.452,236
"L0202","BB","Corporate_unsecured","revolver",2848000,2476131,0.0075,0.51,9475
"L0203","B","CRE_secured","term",813000,813000,0.038,0.396,12235
"L0204","BB","Manufacturing","term",1492000,1492000,0.0075,0.382,4270
"L0205","BBB","Manufacturing","term",807000,807000,0.0018,0.51,740
"L0206","BB","Manufacturing","revolver",1129000,990777,0.0075,0.381,2832
"L0207","CCC","CRE_secured","term",673000,673000,0.25,0.314,52826
"L0208","BB","CRE_secured","term",732000,732000,0.0075,0.279,1531
"L0209","BBB","CRE_secured","revolver",3526000,3061607,0.0018,0.355,1959
"L0210","BBB","Corporate_unsecured","term",1565000,1565000,0.0018,0.66,1860
"L0211","BB","Software","revolver",1584000,1380730,0.0075,0.894,9262
"L0212","A","Software","term",9485000,9485000,6e-04,0.757,4309
"L0213","BBB","Corporate_unsecured","term",1898000,1898000,0.0018,0.615,2101
"L0214","BBB","Manufacturing","term",1233000,1233000,0.0018,0.434,964
"L0215","BB","Manufacturing","term",3918000,3918000,0.0075,0.407,11958
"L0216","B","Manufacturing","term",1290000,1290000,0.038,0.419,20541
"L0217","A","Corporate_unsecured","revolver",6881000,5707916,6e-04,0.685,2347
"L0218","BB","CRE_secured","term",1424000,1424000,0.0075,0.386,4124
"L0219","BB","CRE_secured","revolver",1149000,995223,0.0075,0.395,2951
"L0220","AA","Manufacturing","term",699000,699000,2e-04,0.51,71
"L0221","BB","CRE_secured","term",2688000,2688000,0.0075,0.274,5531
"L0222","BBB","Manufacturing","term",7486000,7486000,0.0018,0.405,5453
"L0223","BB","CRE_secured","revolver",1452000,1297815,0.0075,0.365,3549
"L0224","CCC","Corporate_unsecured","term",2531000,2531000,0.25,0.665,420550
"L0225","BBB","CRE_secured","revolver",2700000,2405930,0.0018,0.333,1441
"L0226","B","Manufacturing","term",7193000,7193000,0.038,0.379,103586
"L0227","BBB","Corporate_unsecured","revolver",3635000,2980574,0.0018,0.652,3496
"L0228","BBB","Corporate_unsecured","term",761000,761000,0.0018,0.517,709
"L0229","BBB","Corporate_unsecured","term",1068000,1068000,0.0018,0.64,1231
"L0230","BBB","Manufacturing","term",1022000,1022000,0.0018,0.516,949
"L0231","BB","Corporate_unsecured","term",2272000,2272000,0.0075,0.598,10196
"L0232","BBB","Software","revolver",1993000,1783324,0.0018,0.832,2671
"L0233","BBB","Software","revolver",2785000,2352127,0.0018,0.85,3600
"L0234","BBB","Software","revolver",1107000,981104,0.0018,0.755,1334
"L0235","AAA","CRE_secured","term",1425000,1425000,1e-04,0.267,38
"L0236","B","Corporate_unsecured","revolver",3898000,3461921,0.038,0.638,83873
"L0237","BBB","CRE_secured","revolver",1829000,1562851,0.0018,0.262,737
"L0238","B","Manufacturing","term",1110000,1110000,0.038,0.413,17427
"L0239","A","Manufacturing","revolver",4793000,3848962,6e-04,0.503,1161
"L0240","BB","Software","revolver",2024000,1702042,0.0075,0.802,10244
"L0241","BBB","Software","term",877000,877000,0.0018,0.83,1310
"L0242","A","Corporate_unsecured","term",9317000,9317000,6e-04,0.679,3794
"L0243","BBB","Corporate_unsecured","revolver",699000,594584,0.0018,0.59,631
"L0244","BBB","Software","term",403000,403000,0.0018,0.799,580
"L0245","BB","Software","revolver",263000,211839,0.0075,0.757,1203
"L0246","BB","Corporate_unsecured","term",3594000,3594000,0.0075,0.578,15576
"L0247","BBB","CRE_secured","term",1238000,1238000,0.0018,0.293,652
"L0248","BBB","Manufacturing","term",1561000,1561000,0.0018,0.404,1135
"L0249","BB","Software","term",2596000,2596000,0.0075,0.836,16285
"L0250","AA","Corporate_unsecured","revolver",1314000,1155441,2e-04,0.626,145
"L0251","BBB","CRE_secured","term",470000,470000,0.0018,0.297,251
"L0252","BBB","CRE_secured","term",346000,346000,0.0018,0.353,220
"L0253","BBB","Corporate_unsecured","term",1472000,1472000,0.0018,0.606,1607
"L0254","BB","CRE_secured","revolver",2341000,2024715,0.0075,0.364,5527
"L0255","BBB","CRE_secured","revolver",257000,222301,0.0018,0.347,139
"L0256","B","CRE_secured","term",2598000,2598000,0.038,0.325,32039
"L0257","BBB","Corporate_unsecured","term",2925000,2925000,0.0018,0.589,3101
"L0258","BB","CRE_secured","revolver",6414000,5363917,0.0075,0.298,11992
"L0259","A","Software","term",2320000,2320000,6e-04,0.85,1183
"L0260","A","Software","term",2405000,2405000,6e-04,0.751,1084
"L0261","A","Software","term",3446000,3446000,6e-04,0.811,1676
"L0262","BBB","Manufacturing","revolver",1966000,1674750,0.0018,0.519,1566
"L0263","BBB","CRE_secured","term",1862000,1862000,0.0018,0.306,1026
"L0264","AA","CRE_secured","revolver",2220000,1805091,2e-04,0.376,136
"L0265","BB","Manufacturing","term",3908000,3908000,0.0075,0.43,12602
"L0266","BBB","Manufacturing","revolver",1357000,1115079,0.0018,0.497,997
"L0267","B","Software","revolver",1276000,1126398,0.038,0.861,36844
"L0268","BBB","Corporate_unsecured","term",918000,918000,0.0018,0.565,934
"L0269","AA","Corporate_unsecured","term",845000,845000,2e-04,0.659,111
"L0270","AA","Corporate_unsecured","revolver",2684000,2405164,2e-04,0.662,319
"L0271","BBB","Corporate_unsecured","term",8051000,8051000,0.0018,0.698,10116
"L0272","B","CRE_secured","term",836000,836000,0.038,0.38,12075
"L0273","BB","Corporate_unsecured","revolver",1688000,1377548,0.0075,0.533,5502
"L0274","BBB","CRE_secured","term",791000,791000,0.0018,0.339,482
"L0275","AA","Manufacturing","revolver",4529000,3731992,2e-04,0.398,297
"L0276","BBB","CRE_secured","term",1503000,1503000,0.0018,0.322,872
"L0277","BBB","Software","term",2350000,2350000,0.0018,0.861,3642
"L0278","BB","Software","term",2736000,2736000,0.0075,0.754,15475
"L0279","BB","Manufacturing","revolver",774000,622098,0.0075,0.54,2519
"L0280","BB","Software","revolver",1820000,1569888,0.0075,0.89,10483
"L0281","BB","Manufacturing","term",1628000,1628000,0.0075,0.528,6447
"L0282","BBB","Manufacturing","revolver",3673000,3116290,0.0018,0.47,2637
"L0283","BBB","Corporate_unsecured","revolver",659000,556348,0.0018,0.564,565
"L0284","AAA","CRE_secured","revolver",679000,551764,1e-04,0.348,19
"L0285","BBB","Manufacturing","revolver",3985000,3482787,0.0018,0.4,2506
"L0286","BBB","CRE_secured","revolver",1178000,1026325,0.0018,0.376,695
"L0287","BB","CRE_secured","revolver",1104000,938327,0.0075,0.393,2768
"L0288","BBB","Manufacturing","revolver",2214000,1832412,0.0018,0.441,1454
"L0289","BBB","Corporate_unsecured","term",1499000,1499000,0.0018,0.688,1856
"L0290","BBB","CRE_secured","term",10728000,10728000,0.0018,0.277,5356
"L0291","B","Software","term",2526000,2526000,0.038,0.838,80413
"L0292","A","Corporate_unsecured","term",2313000,2313000,6e-04,0.58,805
"L0293","BBB","Manufacturing","term",4623000,4623000,0.0018,0.541,4503
"L0294","BB","CRE_secured","term",1895000,1895000,0.0075,0.273,3880
"L0295","BBB","Corporate_unsecured","term",2090000,2090000,0.0018,0.599,2255
"L0296","BBB","CRE_secured","revolver",762000,635261,0.0018,0.361,413
"L0297","B","Corporate_unsecured","revolver",254000,222928,0.038,0.541,4586
"L0298","A","CRE_secured","term",675000,675000,6e-04,0.311,126
"L0299","BBB","Manufacturing","term",2216000,2216000,0.0018,0.446,1779
"L0300","BBB","CRE_secured","term",789000,789000,0.0018,0.318,451
"L0301","BB","Software","term",3718000,3718000,0.0075,0.83,23138
"L0302","BB","Software","revolver",3841000,3389784,0.0075,0.806,20490
"L0303","BBB","CRE_secured","revolver",2432000,1954862,0.0018,0.259,911
"L0304","BBB","Corporate_unsecured","term",1668000,1668000,0.0018,0.673,2021
"L0305","AA","Corporate_unsecured","revolver",585000,496184,2e-04,0.586,58
"L0306","AA","CRE_secured","revolver",1515000,1246307,2e-04,0.266,66
"L0307","BB","Corporate_unsecured","revolver",1330000,1110080,0.0075,0.568,4725
"L0308","BBB","CRE_secured","revolver",3633000,2958297,0.0018,0.315,1675
"L0309","BBB","CRE_secured","revolver",6494000,5486815,0.0018,0.353,3489
"L0310","BBB","Corporate_unsecured","revolver",3140000,2537649,0.0018,0.513,2342
"L0311","BBB","CRE_secured","term",724000,724000,0.0018,0.295,384
"L0312","CCC","Software","revolver",8998000,7684994,0.25,0.823,1581886
"L0313","BB","Corporate_unsecured","revolver",4965000,4023983,0.0075,0.637,19226
"L0314","BBB","Manufacturing","revolver",2446000,2172932,0.0018,0.449,1757
"L0315","BBB","Manufacturing","revolver",275000,230871,0.0018,0.491,204
"L0316","AA","Manufacturing","term",847000,847000,2e-04,0.479,81
"L0317","BBB","Software","term",1880000,1880000,0.0018,0.808,2736
"L0318","A","CRE_secured","term",3968000,3968000,6e-04,0.326,776
"L0319","AA","CRE_secured","term",692000,692000,2e-04,0.322,45
"L0320","AAA","Corporate_unsecured","revolver",35989000,31938127,1e-04,0.649,2072
"L0321","BB","CRE_secured","revolver",201000,166136,0.0075,0.399,497
"L0322","BB","Manufacturing","revolver",1617000,1394565,0.0075,0.449,4697
"L0323","BBB","Corporate_unsecured","term",1583000,1583000,0.0018,0.688,1960
"L0324","BBB","CRE_secured","revolver",1101000,938454,0.0018,0.331,559
"L0325","A","CRE_secured","term",1501000,1501000,6e-04,0.391,352
"L0326","AA","Software","revolver",3901000,3456573,2e-04,0.887,613
"L0327","BB","CRE_secured","revolver",911000,755849,0.0075,0.328,1862
"L0328","B","CRE_secured","revolver",307000,254513,0.038,0.37,3578
"L0329","A","CRE_secured","revolver",2176000,1826775,6e-04,0.28,307
"L0330","B","CRE_secured","revolver",1997000,1659153,0.038,0.389,24553
"L0331","AA","CRE_secured","term",1977000,1977000,2e-04,0.357,141
"L0332","BBB","Corporate_unsecured","term",3649000,3649000,0.0018,0.653,4288
"L0333","BBB","CRE_secured","term",1976000,1976000,0.0018,0.329,1170
"L0334","BB","Corporate_unsecured","term",4021000,4021000,0.0075,0.562,16935
"L0335","A","Corporate_unsecured","term",327000,327000,6e-04,0.7,137
"L0336","BB","Manufacturing","term",725000,725000,0.0075,0.457,2483
"L0337","BB","CRE_secured","term",2738000,2738000,0.0075,0.254,5216
"L0338","BBB","Manufacturing","term",1456000,1456000,0.0018,0.359,941
"L0339","B","Software","revolver",4681000,4052814,0.038,0.813,125199
"L0340","BBB","CRE_secured","term",810000,810000,0.0018,0.337,492
"L0341","BB","Manufacturing","revolver",3837000,3333900,0.0075,0.536,13408
"L0342","BBB","Manufacturing","revolver",1095000,881194,0.0018,0.44,698
"L0343","B","CRE_secured","term",734000,734000,0.038,0.253,7048
"L0344","BB","Corporate_unsecured","term",1469000,1469000,0.0075,0.669,7372
"L0345","BBB","Corporate_unsecured","term",2092000,2092000,0.0018,0.58,2182
"L0346","BBB","CRE_secured","revolver",662000,593872,0.0018,0.356,380
"L0347","CCC","CRE_secured","term",1006000,1006000,0.25,0.345,86673
"L0348","BB","Corporate_unsecured","revolver",652000,522013,0.0075,0.674,2638
"L0349","B","Manufacturing","term",4994000,4994000,0.038,0.433,82098
"L0350","AA","CRE_secured","term",3836000,3836000,2e-04,0.398,306
"L0351","BB","Corporate_unsecured","revolver",790000,674439,0.0075,0.535,2707
"L0352","A","Manufacturing","revolver",3303000,2870871,6e-04,0.39,672
"L0353","BBB","CRE_secured","revolver",1589000,1329033,0.0018,0.318,760
"L0354","BBB","Corporate_unsecured","term",734000,734000,0.0018,0.592,782
"L0355","A","Manufacturing","revolver",2922000,2469938,6e-04,0.532,788
"L0356","BB","CRE_secured","revolver",1496000,1239492,0.0075,0.322,2989
"L0357","A","Corporate_unsecured","term",4416000,4416000,6e-04,0.518,1372
"L0358","CCC","Software","revolver",1678000,1481281,0.25,0.792,293293
"L0359","BB","Corporate_unsecured","revolver",5826000,4887175,0.0075,0.684,25082
"L0360","BB","Software","revolver",1264000,1111501,0.0075,0.894,7452
"L0361","A","Software","revolver",2437000,1983210,6e-04,0.873,1039
"L0362","A","Manufacturing","term",2791000,2791000,6e-04,0.385,644
"L0363","BBB","CRE_secured","term",2571000,2571000,0.0018,0.266,1232
"L0364","CCC","CRE_secured","term",2399000,2399000,0.25,0.313,187768
"L0365","A","CRE_secured","term",1977000,1977000,6e-04,0.26,308
"L0366","A","Software","term",1843000,1843000,6e-04,0.845,935
"L0367","A","CRE_secured","term",6832000,6832000,6e-04,0.327,1341
"L0368","AA","CRE_secured","term",4529000,4529000,2e-04,0.335,304
"L0369","BB","Corporate_unsecured","term",1155000,1155000,0.0075,0.623,5393
"L0370","BBB","CRE_secured","revolver",7028000,6269254,0.0018,0.319,3603
"L0371","BBB","Manufacturing","term",2278000,2278000,0.0018,0.526,2159
"L0372","BBB","Software","term",1124000,1124000,0.0018,0.811,1640
"L0373","B","CRE_secured","term",2330000,2330000,0.038,0.323,28577
"L0374","BBB","Manufacturing","term",1736000,1736000,0.0018,0.452,1411
"L0375","A","Corporate_unsecured","term",2190000,2190000,6e-04,0.633,831
"L0376","CCC","Manufacturing","term",833000,833000,0.25,0.408,84913
"L0377","BBB","CRE_secured","term",956000,956000,0.0018,0.385,663
"L0378","BBB","Corporate_unsecured","term",6819000,6819000,0.0018,0.563,6905
"L0379","BBB","Software","term",4751000,4751000,0.0018,0.882,7542
"L0380","B","Corporate_unsecured","term",903000,903000,0.038,0.663,22757
"L0381","A","Software","revolver",890000,784432,6e-04,0.869,409
"L0382","BB","Manufacturing","revolver",9432000,7661027,0.0075,0.536,30814
"L0383","BB","Manufacturing","revolver",11148000,9789843,0.0075,0.475,34906
"L0384","BBB","Manufacturing","revolver",994000,815282,0.0018,0.383,563
"L0385","A","Software","revolver",619000,546384,6e-04,0.847,278
"L0386","B","CRE_secured","revolver",21206000,17010703,0.038,0.321,207295
"L0387","BBB","CRE_secured","revolver",2459000,2011887,0.0018,0.383,1386
"L0388","CCC","CRE_secured","term",2366000,2366000,0.25,0.365,215674
"L0389","BBB","Manufacturing","term",2142000,2142000,0.0018,0.523,2016
"L0390","BBB","Manufacturing","revolver",7082000,5795729,0.0018,0.475,4952
"L0391","B","CRE_secured","revolver",1683000,1347198,0.038,0.321,16450
"L0392","BB","Corporate_unsecured","term",7438000,7438000,0.0075,0.687,38312
"L0393","A","Manufacturing","term",1640000,1640000,6e-04,0.478,471
"L0394","BBB","Corporate_unsecured","revolver",3151000,2623814,0.0018,0.556,2627
"L0395","A","Corporate_unsecured","term",789000,789000,6e-04,0.691,327
"L0396","BB","Software","revolver",2332000,2031590,0.0075,0.8,12186
"L0397","CCC","Corporate_unsecured","revolver",5893000,4973988,0.25,0.686,852891
"L0398","AA","CRE_secured","revolver",1726000,1473500,2e-04,0.354,104
"L0399","A","Manufacturing","revolver",6343000,5564544,6e-04,0.383,1278
"L0400","BBB","Manufacturing","revolver",23281000,20311393,0.0018,0.421,15402
"L0401","BBB","CRE_secured","term",4669000,4669000,0.0018,0.389,3269
"L0402","BB","CRE_secured","term",1599000,1599000,0.0075,0.397,4756
"L0403","A","Corporate_unsecured","term",2181000,2181000,6e-04,0.593,776
"L0404","BB","CRE_secured","revolver",1353000,1169207,0.0075,0.296,2595
"L0405","AA","Corporate_unsecured","revolver",14210000,12676365,2e-04,0.512,1297
"L0406","BBB","Software","revolver",139000,124231,0.0018,0.846,189
"L0407","AAA","CRE_secured","revolver",2151000,1803487,1e-04,0.385,69
"L0408","BBB","CRE_secured","term",2208000,2208000,0.0018,0.374,1487
"L0409","BBB","Corporate_unsecured","revolver",2424000,2115981,0.0018,0.607,2311
"L0410","BB","CRE_secured","revolver",492000,417548,0.0075,0.272,853
"L0411","BBB","Corporate_unsecured","revolver",2430000,2005368,0.0018,0.667,2406
"L0412","A","CRE_secured","term",2368000,2368000,6e-04,0.38,540
"L0413","BBB","Software","term",6208000,6208000,0.0018,0.896,10013
"L0414","A","Software","term",3204000,3204000,6e-04,0.762,1465
"L0415","BBB","Manufacturing","revolver",5458000,4515027,0.0018,0.522,4242
"L0416","BBB","Manufacturing","revolver",845000,755481,0.0018,0.386,525
"L0417","BBB","Software","revolver",1788000,1456378,0.0018,0.804,2108
"L0418","B","Corporate_unsecured","revolver",2377000,2118131,0.038,0.697,56089
"L0419","BB","CRE_secured","term",2555000,2555000,0.0075,0.317,6074
"L0420","BBB","CRE_secured","term",1071000,1071000,0.0018,0.379,730
"L0421","BBB","Manufacturing","term",7572000,7572000,0.0018,0.382,5211
"L0422","BB","Software","term",1153000,1153000,0.0075,0.778,6730
"L0423","CCC","Software","revolver",468000,382071,0.25,0.781,74584
"L0424","B","CRE_secured","revolver",2873000,2349196,0.038,0.253,22624
"L0425","BB","Manufacturing","revolver",3637000,3095399,0.0075,0.488,11319
"L0426","BBB","Software","term",4678000,4678000,0.0018,0.751,6321
"L0427","BB","CRE_secured","revolver",853000,686078,0.0075,0.307,1582
"L0428","BBB","Corporate_unsecured","revolver",1599000,1414020,0.0018,0.695,1769
"L0429","A","CRE_secured","term",605000,605000,6e-04,0.362,131
"L0430","BB","Corporate_unsecured","term",4278000,4278000,0.0075,0.682,21870
"L0431","BB","Corporate_unsecured","term",2735000,2735000,0.0075,0.659,13528
"L0432","BB","Software","revolver",4552000,3941130,0.0075,0.782,23119
"L0433","BB","Software","revolver",3458000,3081376,0.0075,0.846,19558
"L0434","BBB","Software","term",1158000,1158000,0.0018,0.763,1591
"L0435","AA","Manufacturing","term",2351000,2351000,2e-04,0.419,197
"L0436","BBB","CRE_secured","term",359000,359000,0.0018,0.397,256
"L0437","BB","CRE_secured","revolver",3145000,2610472,0.0075,0.26,5092
"L0438","BBB","CRE_secured","revolver",4783000,3960235,0.0018,0.372,2651
"L0439","BBB","CRE_secured","revolver",909000,750252,0.0018,0.332,448
"L0440","BB","Manufacturing","term",293000,293000,0.0075,0.399,877
"L0441","A","Corporate_unsecured","revolver",508000,440570,6e-04,0.53,140
"L0442","AA","Corporate_unsecured","revolver",734000,620552,2e-04,0.588,73
"L0443","BB","CRE_secured","revolver",6111000,5117774,0.0075,0.361,13861
"L0444","B","CRE_secured","term",2006000,2006000,0.038,0.391,29791
"L0445","BBB","Manufacturing","term",656000,656000,0.0018,0.506,598
"L0446","BB","Corporate_unsecured","term",3298000,3298000,0.0075,0.667,16507
"L0447","BBB","CRE_secured","revolver",280000,234916,0.0018,0.344,145
"L0448","B","Manufacturing","term",1601000,1601000,0.038,0.376,22872
"L0449","A","Corporate_unsecured","term",5445000,5445000,6e-04,0.53,1731
"L0450","BBB","CRE_secured","term",1471000,1471000,0.0018,0.343,909
"L0451","BB","CRE_secured","term",6476000,6476000,0.0075,0.284,13782
"L0452","BB","Corporate_unsecured","revolver",10064000,8614865,0.0075,0.67,43302
"L0453","A","CRE_secured","term",699000,699000,6e-04,0.297,124
"L0454","A","Manufacturing","term",709000,709000,6e-04,0.507,216
"L0455","BB","Corporate_unsecured","term",878000,878000,0.0075,0.612,4028
"L0456","BBB","Manufacturing","term",3219000,3219000,0.0018,0.512,2966
"L0457","BBB","Manufacturing","revolver",4241000,3550947,0.0018,0.548,3504
"L0458","A","Manufacturing","revolver",5938000,5089025,6e-04,0.406,1241
"L0459","AA","Manufacturing","revolver",6441000,5776529,2e-04,0.386,446
"L0460","B","Manufacturing","term",5266000,5266000,0.038,0.494,98898
"L0461","BB","Corporate_unsecured","term",4660000,4660000,0.0075,0.503,17583
"L0462","BBB","Manufacturing","term",2317000,2317000,0.0018,0.545,2273
"L0463","B","CRE_secured","term",899000,899000,0.038,0.318,10857
"L0464","BBB","Manufacturing","term",1040000,1040000,0.0018,0.36,673
"L0465","BBB","CRE_secured","revolver",2886000,2404645,0.0018,0.28,1212
"L0466","A","Software","term",9101000,9101000,6e-04,0.766,4182
"L0467","BBB","CRE_secured","revolver",9286000,7438951,0.0018,0.252,3377
"L0468","BBB","CRE_secured","term",353000,353000,0.0018,0.39,248
"L0469","BB","Manufacturing","term",944000,944000,0.0075,0.388,2748
"L0470","B","CRE_secured","revolver",7173000,6061123,0.038,0.396,91107
"L0471","BBB","Corporate_unsecured","revolver",768000,672712,0.0018,0.571,691
"L0472","BBB","Corporate_unsecured","revolver",468000,415027,0.0018,0.686,513
"L0473","AA","Manufacturing","term",3431000,3431000,2e-04,0.377,259
"L0474","CCC","Corporate_unsecured","revolver",9514000,8333485,0.25,0.671,1397607
"L0475","BB","CRE_secured","term",11407000,11407000,0.0075,0.364,31178
"L0476","BB","CRE_secured","term",3231000,3231000,0.0075,0.346,8386
"L0477","A","CRE_secured","term",3822000,3822000,6e-04,0.373,855
"L0478","AA","Corporate_unsecured","term",3311000,3311000,2e-04,0.6,398
"L0479","BBB","Manufacturing","term",1968000,1968000,0.0018,0.425,1504
"L0480","B","CRE_secured","revolver",96000,86254,0.038,0.384,1257
"L0481","BBB","Corporate_unsecured","revolver",3966000,3497220,0.0018,0.514,3235
"L0482","A","CRE_secured","revolver",1406000,1187131,6e-04,0.261,186
"L0483","B","Corporate_unsecured","term",4963000,4963000,0.038,0.645,121598
"L0484","BBB","Manufacturing","term",1138000,1138000,0.0018,0.541,1108
"L0485","AA","Corporate_unsecured","term",459000,459000,2e-04,0.539,50
"L0486","BB","CRE_secured","term",6134000,6134000,0.0075,0.315,14511
"L0487","AA","Software","term",2355000,2355000,2e-04,0.78,368
"L0488","BBB","CRE_secured","revolver",46475000,39069695,0.0018,0.389,27346
"L0489","BBB","CRE_secured","term",4559000,4559000,0.0018,0.334,2740
"L0490","BBB","Software","term",5139000,5139000,0.0018,0.806,7458
"L0491","CCC","Manufacturing","revolver",3977000,3536260,0.25,0.383,338508
"L0492","BB","CRE_secured","revolver",1162000,930565,0.0075,0.396,2761
"L0493","B","Manufacturing","revolver",1433000,1234695,0.038,0.427,20026
"L0494","BB","Software","revolver",5191000,4388845,0.0075,0.823,27085
"L0495","BB","CRE_secured","revolver",5169000,4428896,0.0075,0.283,9402
"L0496","BBB","CRE_secured","term",3380000,3380000,0.0018,0.3,1827
"L0497","B","Corporate_unsecured","term",823000,823000,0.038,0.631,19719
"L0498","BBB","CRE_secured","term",9109000,9109000,0.0018,0.363,5951
"L0499","BBB","Corporate_unsecured","term",584000,584000,0.0018,0.54,567
"L0500","BBB","CRE_secured","revolver",1354000,1186938,0.0018,0.293,626
